[
  {
    "_id": 1001,
    "nombre": "Ana",
    "apellido": "Gomez",
    "telefono": 3001234567,
    "correo": "ana@gmail.com",
    "inscripciones": [
      {
        "ficha": "ADSO-2501",
        "fecha_inicio": "2024-01-15",
        "fecha_fin": "2026-04-15",
        "estado": "Activa",
        "programa": {
          "id_programa": 1,
          "nombre": "Tecnólogo en ADSO",
          "modalidad": "Presencial"
        }
      }
    ]
  },
  {
    "_id": 1002,
    "nombre": "Luis",
    "apellido": "Martinez",
    "telefono": "3019876543",
    "correo": "luis@hotmail.com",
    "inscripciones": [
      {
        "ficha": "SIS-2402",
        "fecha_inicio": "2023-02-01",
        "fecha_fin": "2024-02-01",
        "estado": "Finalizada",
        "programa": {
          "id_programa": 2,
          "nombre": "Técnico en Sistemas",
          "modalidad": "Virtual"
        }
      }
    ]
  },
  {
    "_id": 1003,
    "nombre": "Carlos",
    "apellido": "Rodriguez",
    "telefono": "3024567890",
    "correo": "carlos@gmail.com",
    "inscripciones": [
      {
        "ficha": "CON-2503",
        "fecha_inicio": "2024-03-10",
        "fecha_fin": "2026-03-10",
        "estado": "Activa",
        "programa": {
          "id_programa": 3,
          "nombre": "Tecnólogo en Contabilidad",
          "modalidad": "Mixta"
        }
      }
    ]
  },
  {
    "_id": 1004,
    "nombre": "Maria",
    "apellido": "Lopez",
    "telefono": "3035556677",
    "correo": "maria@yahoo.com",
    "inscripciones": [
      {
        "ficha": "COC-2404",
        "fecha_inicio": "2023-04-05",
        "fecha_fin": "2024-10-05",
        "estado": "Cancelada",
        "programa": {
          "id_programa": 4,
          "nombre": "Técnico en Cocina",
          "modalidad": "Presencial"
        }
      }
    ]
  },
  {
    "_id": 1005,
    "nombre": "Andres",
    "apellido": "Garcia",
    "telefono": "3048889999",
    "correo": "andres@gmail.com",
    "inscripciones": [
      {
        "ficha": "SOF-2505",
        "fecha_inicio": "2024-05-20",
        "fecha_fin": "2026-11-20",
        "estado": "Activa",
        "programa": {
          "id_programa": 5,
          "nombre": "Tecnólogo en Software",
          "modalidad": "Virtual"
        }
      }
    ]
  },
  {
    "_id": 1006,
    "nombre": "Juliana",
    "apellido": "Morales",
    "telefono": "3051237894",
    "correo": "juliana@gmail.com",
    "inscripciones": [
      {
        "ficha": "ADSO-2506",
        "fecha_inicio": "2024-06-01",
        "fecha_fin": "2026-09-01",
        "estado": "Activa",
        "programa": {
          "id_programa": 1,
          "nombre": "Tecnólogo en ADSO",
          "modalidad": "Presencial"
        }
      }
    ]
  },
  {
    "_id": 1007,
    "nombre": "Camilo",
    "apellido": "Perez",
    "telefono": "3069871234",
    "correo": "camilo@hotmail.com",
    "inscripciones": [
      {
        "ficha": "SIS-2507",
        "fecha_inicio": "2024-07-10",
        "fecha_fin": "2025-07-10",
        "estado": "Activa",
        "programa": {
          "id_programa": 2,
          "nombre": "Técnico en Sistemas",
          "modalidad": "Virtual"
        }
      }
    ]
  },
  {
    "_id": 1008,
    "nombre": "Valentina",
    "apellido": "Rojas",
    "telefono": "3074563210",
    "correo": "valentina@gmail.com",
    "inscripciones": [
      {
        "ficha": "CON-2508",
        "fecha_inicio": "2024-08-15",
        "fecha_fin": "2026-08-15",
        "estado": "Activa",
        "programa": {
          "id_programa": 3,
          "nombre": "Tecnólogo en Contabilidad",
          "modalidad": "Mixta"
        }
      }
    ]
  },
  {
    "_id": 1009,
    "nombre": "Sebastian",
    "apellido": "Torres",
    "telefono": "3086547891",
    "correo": "sebastian@yahoo.com",
    "inscripciones": [
      {
        "ficha": "SOF-2509",
        "fecha_inicio": "2024-09-01",
        "fecha_fin": "2026-12-01",
        "estado": "Activa",
        "programa": {
          "id_programa": 5,
          "nombre": "Tecnólogo en Software",
          "modalidad": "Virtual"
        }
      }
    ]
  }
]