[
  {
    "_id": 2001,
    "nombre": "Pedro",
    "apellido": "Gonzalez",
    "telefono": "3101112233",
    "correo": "pedro@sena.edu.co",
    "competencias_certificadas": [
      {
        "nombre": "Programación en Java",
        "fecha_certificacion": "2022-06-10"
      }
    ]
  },
  {
    "_id": 2002,
    "nombre": "Laura",
    "apellido": "Ramirez",
    "telefono": "3112223344",
    "correo": "laura@sena.edu.co",
    "competencias_certificadas": [
      {
        "nombre": "Bases de Datos",
        "fecha_certificacion": "2021-08-15"
      }
    ]
  },
  {
    "_id": 2003,
    "nombre": "Jorge",
    "apellido": "Castro",
    "telefono": "3123334455",
    "correo": "jorge@sena.edu.co",
    "competencias_certificadas": [
      {
        "nombre": "Contabilidad Básica",
        "fecha_certificacion": "2020-05-20"
      }
    ]
  },
  {
    "_id": 2004,
    "nombre": "Diana",
    "apellido": "Morales",
    "telefono": "3134445566",
    "correo": "diana@sena.edu.co",
    "competencias_certificadas": [
      {
        "nombre": "Cocina Internacional",
        "fecha_certificacion": "2019-11-30"
      }
    ]
  },
  {
    "_id": 2005,
    "nombre": "Sergio",
    "apellido": "Gomez",
    "telefono": "3145556677",
    "correo": "sergio@sena.edu.co",
    "competencias_certificadas": [
      {
        "nombre": "Desarrollo Web",
        "fecha_certificacion": "2023-01-25"
      }
    ]
  },
  {
    "_id": 2006,
    "nombre": "Natalia",
    "apellido": "Vargas",
    "telefono": "3156667788",
    "correo": "natalia@sena.edu.co",
    "competencias_certificadas": [
      {
        "nombre": "Seguridad Informática",
        "fecha_certificacion": "2022-09-12"
      }
    ]
  },
  {
    "_id": 2007,
    "nombre": "Camilo",
    "apellido": "Rojas",
    "telefono": "3167778899",
    "correo": "camilo@sena.edu.co",
    "competencias_certificadas": [
      {
        "nombre": "Redes de Computadores",
        "fecha_certificacion": "2021-03-18"
      }
    ]
  },
  {
    "_id": 2008,
    "nombre": "Paola",
    "apellido": "Herrera",
    "telefono": "3178889900",
    "correo": "paola@sena.edu.co",
    "competencias_certificadas": [
      {
        "nombre": "Diseño Web",
        "fecha_certificacion": "2020-12-05"
      }
    ]
  },
  {
    "_id": 2009,
    "nombre": "Andres",
    "apellido": "Torres",
    "telefono": "3189990011",
    "correo": "andres@sena.edu.co",
    "competencias_certificadas": [
      {
        "nombre": "Inteligencia Artificial",
        "fecha_certificacion": "2024-02-14"
      }
    ]
  }
]