[
  {
    "_id": 1,
    "nombre_programa": "Tecnólogo en ADSO",
    "duracion": "27 meses",
    "modalidad": "Presencial",
    "competencias": [
      { "nombre": "Programación en Java", "duracion": "6 meses" },
      { "nombre": "Bases de Datos", "duracion": "5 meses" }
    ]
  },
  {
    "_id": 2,
    "nombre_programa": "Técnico en Sistemas",
    "duracion": "12 meses",
    "modalidad": "Virtual",
    "competencias": [
      { "nombre": "Mantenimiento de Equipos", "duracion": "4 meses" },
      { "nombre": "Redes Básicas", "duracion": "3 meses" }
    ]
  },
  {
    "_id": 3,
    "nombre_programa": "Tecnólogo en Contabilidad",
    "duracion": "24 meses",
    "modalidad": "Mixta",
    "competencias": [
      { "nombre": "Contabilidad Básica", "duracion": "4 meses" },
      { "nombre": "Costos y Presupuestos", "duracion": "5 meses" }
    ]
  },
  {
    "_id": 4,
    "nombre_programa": "Técnico en Cocina",
    "duracion": "18 meses",
    "modalidad": "Presencial",
    "competencias": [
      { "nombre": "Cocina Colombiana", "duracion": "6 meses" },
      { "nombre": "Cocina Internacional", "duracion": "6 meses" }
    ]
  },
  {
    "_id": 5,
    "nombre_programa": "Tecnólogo en Software",
    "duracion": "30 meses",
    "modalidad": "Virtual",
    "competencias": [
      { "nombre": "Desarrollo Web", "duracion": "7 meses" },
      { "nombre": "Aplicaciones Móviles", "duracion": "6 meses" }
    ]
  },
  {
    "_id": 6,
    "nombre_programa": "Técnico en Electricidad",
    "duracion": "15 meses",
    "modalidad": "Presencial",
    "competencias": [
      { "nombre": "Instalaciones Eléctricas", "duracion": "5 meses" },
      { "nombre": "Seguridad Industrial", "duracion": "3 meses" }
    ]
  },
  {
    "_id": 7,
    "nombre_programa": "Tecnólogo en Redes",
    "duracion": "26 meses",
    "modalidad": "Mixta",
    "competencias": [
      { "nombre": "Administración de Redes", "duracion": "6 meses" },
      { "nombre": "Seguridad de Redes", "duracion": "5 meses" }
    ]
  },
  {
    "_id": 8,
    "nombre_programa": "Técnico en Diseño Gráfico",
    "duracion": "14 meses",
    "modalidad": "Virtual",
    "competencias": [
      { "nombre": "Diseño Digital", "duracion": "5 meses" },
      { "nombre": "Edición de Imágenes", "duracion": "4 meses" }
    ]
  },
  {
    "_id": 9,
    "nombre_programa": "Tecnólogo en Inteligencia Artificial",
    "duracion": "32 meses",
    "modalidad": "Presencial",
    "competencias": [
      { "nombre": "Machine Learning", "duracion": "8 meses" },
      { "nombre": "Análisis de Datos", "duracion": "7 meses" }
    ]
  }
]